Method,Job,AnalyzeLaunchVariance,EvaluateOverhead,MaxAbsoluteError,MaxRelativeError,MinInvokeCount,MinIterationTime,RemoveOutliers,Affinity,Jit,Platform,Runtime,AllowVeryLargeObjects,Concurrent,CpuGroups,Force,HeapAffinitizeMask,HeapCount,NoAffinitize,RetainVm,Server,Arguments,BuildConfiguration,Clock,EngineFactory,EnvironmentVariables,Toolchain,IsBaseline,InvocationCount,IterationTime,LaunchCount,RunStrategy,TargetCount,UnrollFactor,WarmupCount,N,Mean,Error,StdDev,Median,Gen 0,Gen 1,Gen 2,Allocated
List,Core,False,Default,Default,Default,Default,Default,Default,15,RyuJit,X64,Core,False,True,False,True,Default,Default,False,False,False,Default,Default,Default,Default,Default,Default,Default,1,Default,Default,Default,Default,16,Default,1,34.67 ns,0.7381 ns,1.7684 ns,35.00 ns,0.0305,-,-,96 B
GrowthArray,Core,False,Default,Default,Default,Default,Default,Default,15,RyuJit,X64,Core,False,True,False,True,Default,Default,False,False,False,Default,Default,Default,Default,Default,Default,Default,1,Default,Default,Default,Default,16,Default,1,39.19 ns,0.8109 ns,1.5031 ns,38.94 ns,0.0457,-,-,144 B
List,Core,False,Default,Default,Default,Default,Default,Default,15,RyuJit,X64,Core,False,True,False,True,Default,Default,False,False,False,Default,Default,Default,Default,Default,Default,Default,1,Default,Default,Default,Default,16,Default,2,37.63 ns,0.8770 ns,2.5581 ns,37.53 ns,0.0305,-,-,96 B
GrowthArray,Core,False,Default,Default,Default,Default,Default,Default,15,RyuJit,X64,Core,False,True,False,True,Default,Default,False,False,False,Default,Default,Default,Default,Default,Default,Default,1,Default,Default,Default,Default,16,Default,2,41.65 ns,0.8719 ns,1.7211 ns,41.77 ns,0.0457,-,-,144 B
List,Core,False,Default,Default,Default,Default,Default,Default,15,RyuJit,X64,Core,False,True,False,True,Default,Default,False,False,False,Default,Default,Default,Default,Default,Default,Default,1,Default,Default,Default,Default,16,Default,3,39.05 ns,0.8312 ns,1.8931 ns,39.09 ns,0.0305,-,-,96 B
GrowthArray,Core,False,Default,Default,Default,Default,Default,Default,15,RyuJit,X64,Core,False,True,False,True,Default,Default,False,False,False,Default,Default,Default,Default,Default,Default,Default,1,Default,Default,Default,Default,16,Default,3,40.98 ns,0.3994 ns,0.2642 ns,41.06 ns,0.0457,-,-,144 B
List,Core,False,Default,Default,Default,Default,Default,Default,15,RyuJit,X64,Core,False,True,False,True,Default,Default,False,False,False,Default,Default,Default,Default,Default,Default,Default,1,Default,Default,Default,Default,16,Default,4,38.98 ns,0.5075 ns,0.4747 ns,38.88 ns,0.0305,-,-,96 B
GrowthArray,Core,False,Default,Default,Default,Default,Default,Default,15,RyuJit,X64,Core,False,True,False,True,Default,Default,False,False,False,Default,Default,Default,Default,Default,Default,Default,1,Default,Default,Default,Default,16,Default,4,41.55 ns,0.8415 ns,0.9004 ns,41.26 ns,0.0457,-,-,144 B
List,Core,False,Default,Default,Default,Default,Default,Default,15,RyuJit,X64,Core,False,True,False,True,Default,Default,False,False,False,Default,Default,Default,Default,Default,Default,Default,1,Default,Default,Default,Default,16,Default,5,102.64 ns,2.0199 ns,1.9838 ns,102.90 ns,0.0584,-,-,184 B
GrowthArray,Core,False,Default,Default,Default,Default,Default,Default,15,RyuJit,X64,Core,False,True,False,True,Default,Default,False,False,False,Default,Default,Default,Default,Default,Default,Default,1,Default,Default,Default,Default,16,Default,5,44.58 ns,0.7481 ns,0.6247 ns,44.73 ns,0.0457,-,-,144 B
List,Core,False,Default,Default,Default,Default,Default,Default,15,RyuJit,X64,Core,False,True,False,True,Default,Default,False,False,False,Default,Default,Default,Default,Default,Default,Default,1,Default,Default,Default,Default,16,Default,6,97.88 ns,1.1188 ns,1.0465 ns,97.74 ns,0.0584,-,-,184 B
GrowthArray,Core,False,Default,Default,Default,Default,Default,Default,15,RyuJit,X64,Core,False,True,False,True,Default,Default,False,False,False,Default,Default,Default,Default,Default,Default,Default,1,Default,Default,Default,Default,16,Default,6,46.37 ns,0.3432 ns,0.3042 ns,46.28 ns,0.0457,-,-,144 B
List,Core,False,Default,Default,Default,Default,Default,Default,15,RyuJit,X64,Core,False,True,False,True,Default,Default,False,False,False,Default,Default,Default,Default,Default,Default,Default,1,Default,Default,Default,Default,16,Default,7,95.79 ns,0.8638 ns,0.7658 ns,95.82 ns,0.0584,-,-,184 B
GrowthArray,Core,False,Default,Default,Default,Default,Default,Default,15,RyuJit,X64,Core,False,True,False,True,Default,Default,False,False,False,Default,Default,Default,Default,Default,Default,Default,1,Default,Default,Default,Default,16,Default,7,49.55 ns,1.0057 ns,1.1179 ns,49.24 ns,0.0457,-,-,144 B
List,Core,False,Default,Default,Default,Default,Default,Default,15,RyuJit,X64,Core,False,True,False,True,Default,Default,False,False,False,Default,Default,Default,Default,Default,Default,Default,1,Default,Default,Default,Default,16,Default,8,98.22 ns,0.9107 ns,0.8519 ns,98.38 ns,0.0584,-,-,184 B
GrowthArray,Core,False,Default,Default,Default,Default,Default,Default,15,RyuJit,X64,Core,False,True,False,True,Default,Default,False,False,False,Default,Default,Default,Default,Default,Default,Default,1,Default,Default,Default,Default,16,Default,8,50.07 ns,0.6246 ns,0.5842 ns,50.27 ns,0.0457,-,-,144 B
List,Core,False,Default,Default,Default,Default,Default,Default,15,RyuJit,X64,Core,False,True,False,True,Default,Default,False,False,False,Default,Default,Default,Default,Default,Default,Default,1,Default,Default,Default,Default,16,Default,9,162.72 ns,1.3907 ns,1.3008 ns,162.99 ns,0.1066,-,-,336 B
GrowthArray,Core,False,Default,Default,Default,Default,Default,Default,15,RyuJit,X64,Core,False,True,False,True,Default,Default,False,False,False,Default,Default,Default,Default,Default,Default,Default,1,Default,Default,Default,Default,16,Default,9,97.76 ns,1.2269 ns,1.1476 ns,97.92 ns,0.0914,-,-,288 B
List,Core,False,Default,Default,Default,Default,Default,Default,15,RyuJit,X64,Core,False,True,False,True,Default,Default,False,False,False,Default,Default,Default,Default,Default,Default,Default,1,Default,Default,Default,Default,16,Default,10,158.72 ns,1.7589 ns,1.6452 ns,158.50 ns,0.1066,-,-,336 B
GrowthArray,Core,False,Default,Default,Default,Default,Default,Default,15,RyuJit,X64,Core,False,True,False,True,Default,Default,False,False,False,Default,Default,Default,Default,Default,Default,Default,1,Default,Default,Default,Default,16,Default,10,99.02 ns,1.0062 ns,0.9412 ns,98.97 ns,0.0914,-,-,288 B
List,Core,False,Default,Default,Default,Default,Default,Default,15,RyuJit,X64,Core,False,True,False,True,Default,Default,False,False,False,Default,Default,Default,Default,Default,Default,Default,1,Default,Default,Default,Default,16,Default,16,171.14 ns,1.2358 ns,1.0319 ns,171.29 ns,0.1066,-,-,336 B
GrowthArray,Core,False,Default,Default,Default,Default,Default,Default,15,RyuJit,X64,Core,False,True,False,True,Default,Default,False,False,False,Default,Default,Default,Default,Default,Default,Default,1,Default,Default,Default,Default,16,Default,16,107.94 ns,1.4454 ns,1.3521 ns,107.79 ns,0.0914,-,-,288 B
List,Core,False,Default,Default,Default,Default,Default,Default,15,RyuJit,X64,Core,False,True,False,True,Default,Default,False,False,False,Default,Default,Default,Default,Default,Default,Default,1,Default,Default,Default,Default,16,Default,17,245.82 ns,4.9072 ns,8.5945 ns,242.77 ns,0.1955,-,-,616 B
GrowthArray,Core,False,Default,Default,Default,Default,Default,Default,15,RyuJit,X64,Core,False,True,False,True,Default,Default,False,False,False,Default,Default,Default,Default,Default,Default,Default,1,Default,Default,Default,Default,16,Default,17,147.87 ns,2.5868 ns,2.2931 ns,147.29 ns,0.1397,-,-,440 B
List,Core,False,Default,Default,Default,Default,Default,Default,15,RyuJit,X64,Core,False,True,False,True,Default,Default,False,False,False,Default,Default,Default,Default,Default,Default,Default,1,Default,Default,Default,Default,16,Default,24,257.81 ns,5.0860 ns,9.6766 ns,262.21 ns,0.1955,-,-,616 B
GrowthArray,Core,False,Default,Default,Default,Default,Default,Default,15,RyuJit,X64,Core,False,True,False,True,Default,Default,False,False,False,Default,Default,Default,Default,Default,Default,Default,1,Default,Default,Default,Default,16,Default,24,166.80 ns,1.9683 ns,1.7448 ns,166.30 ns,0.1397,-,-,440 B
List,Core,False,Default,Default,Default,Default,Default,Default,15,RyuJit,X64,Core,False,True,False,True,Default,Default,False,False,False,Default,Default,Default,Default,Default,Default,Default,1,Default,Default,Default,Default,16,Default,25,265.64 ns,5.5536 ns,7.6019 ns,264.80 ns,0.1955,-,-,616 B
GrowthArray,Core,False,Default,Default,Default,Default,Default,Default,15,RyuJit,X64,Core,False,True,False,True,Default,Default,False,False,False,Default,Default,Default,Default,Default,Default,Default,1,Default,Default,Default,Default,16,Default,25,169.14 ns,3.1429 ns,2.9399 ns,169.12 ns,0.1397,-,-,440 B
List,Core,False,Default,Default,Default,Default,Default,Default,15,RyuJit,X64,Core,False,True,False,True,Default,Default,False,False,False,Default,Default,Default,Default,Default,Default,Default,1,Default,Default,Default,Default,16,Default,32,278.73 ns,4.6228 ns,4.3242 ns,279.80 ns,0.1955,-,-,616 B
GrowthArray,Core,False,Default,Default,Default,Default,Default,Default,15,RyuJit,X64,Core,False,True,False,True,Default,Default,False,False,False,Default,Default,Default,Default,Default,Default,Default,1,Default,Default,Default,Default,16,Default,32,183.44 ns,4.2956 ns,4.4112 ns,183.99 ns,0.1397,-,-,440 B
List,Core,False,Default,Default,Default,Default,Default,Default,15,RyuJit,X64,Core,False,True,False,True,Default,Default,False,False,False,Default,Default,Default,Default,Default,Default,Default,1,Default,Default,Default,Default,16,Default,33,375.53 ns,5.3289 ns,4.7239 ns,375.43 ns,0.3657,-,-,1152 B
GrowthArray,Core,False,Default,Default,Default,Default,Default,Default,15,RyuJit,X64,Core,False,True,False,True,Default,Default,False,False,False,Default,Default,Default,Default,Default,Default,Default,1,Default,Default,Default,Default,16,Default,33,251.41 ns,4.9911 ns,7.9164 ns,250.49 ns,0.2286,-,-,720 B
List,Core,False,Default,Default,Default,Default,Default,Default,15,RyuJit,X64,Core,False,True,False,True,Default,Default,False,False,False,Default,Default,Default,Default,Default,Default,Default,1,Default,Default,Default,Default,16,Default,48,439.13 ns,8.9411 ns,12.2386 ns,439.53 ns,0.3657,-,-,1152 B
GrowthArray,Core,False,Default,Default,Default,Default,Default,Default,15,RyuJit,X64,Core,False,True,False,True,Default,Default,False,False,False,Default,Default,Default,Default,Default,Default,Default,1,Default,Default,Default,Default,16,Default,48,296.50 ns,3.6055 ns,3.3726 ns,297.64 ns,0.2284,-,-,720 B
List,Core,False,Default,Default,Default,Default,Default,Default,15,RyuJit,X64,Core,False,True,False,True,Default,Default,False,False,False,Default,Default,Default,Default,Default,Default,Default,1,Default,Default,Default,Default,16,Default,50,434.23 ns,8.3573 ns,9.2891 ns,434.90 ns,0.3657,-,-,1152 B
GrowthArray,Core,False,Default,Default,Default,Default,Default,Default,15,RyuJit,X64,Core,False,True,False,True,Default,Default,False,False,False,Default,Default,Default,Default,Default,Default,Default,1,Default,Default,Default,Default,16,Default,50,314.16 ns,2.5979 ns,2.3029 ns,314.31 ns,0.2284,-,-,720 B
List,Core,False,Default,Default,Default,Default,Default,Default,15,RyuJit,X64,Core,False,True,False,True,Default,Default,False,False,False,Default,Default,Default,Default,Default,Default,Default,1,Default,Default,Default,Default,16,Default,64,505.00 ns,9.1317 ns,8.5418 ns,503.08 ns,0.3653,-,-,1152 B
GrowthArray,Core,False,Default,Default,Default,Default,Default,Default,15,RyuJit,X64,Core,False,True,False,True,Default,Default,False,False,False,Default,Default,Default,Default,Default,Default,Default,1,Default,Default,Default,Default,16,Default,64,306.74 ns,6.1516 ns,11.0926 ns,302.89 ns,0.2284,-,-,720 B
List,Core,False,Default,Default,Default,Default,Default,Default,15,RyuJit,X64,Core,False,True,False,True,Default,Default,False,False,False,Default,Default,Default,Default,Default,Default,Default,1,Default,Default,Default,Default,16,Default,65,619.64 ns,6.8711 ns,6.4272 ns,622.15 ns,0.6990,-,-,2200 B
GrowthArray,Core,False,Default,Default,Default,Default,Default,Default,15,RyuJit,X64,Core,False,True,False,True,Default,Default,False,False,False,Default,Default,Default,Default,Default,Default,Default,1,Default,Default,Default,Default,16,Default,65,379.18 ns,4.6673 ns,4.3658 ns,378.58 ns,0.3991,-,-,1256 B
List,Core,False,Default,Default,Default,Default,Default,Default,15,RyuJit,X64,Core,False,True,False,True,Default,Default,False,False,False,Default,Default,Default,Default,Default,Default,Default,1,Default,Default,Default,Default,16,Default,96,672.05 ns,4.3740 ns,3.8774 ns,672.01 ns,0.6990,-,-,2200 B
GrowthArray,Core,False,Default,Default,Default,Default,Default,Default,15,RyuJit,X64,Core,False,True,False,True,Default,Default,False,False,False,Default,Default,Default,Default,Default,Default,Default,1,Default,Default,Default,Default,16,Default,96,456.76 ns,2.3292 ns,1.9450 ns,456.47 ns,0.3991,-,-,1256 B
List,Core,False,Default,Default,Default,Default,Default,Default,15,RyuJit,X64,Core,False,True,False,True,Default,Default,False,False,False,Default,Default,Default,Default,Default,Default,Default,1,Default,Default,Default,Default,16,Default,100,703.46 ns,10.4808 ns,9.8038 ns,705.88 ns,0.6990,-,-,2200 B
GrowthArray,Core,False,Default,Default,Default,Default,Default,Default,15,RyuJit,X64,Core,False,True,False,True,Default,Default,False,False,False,Default,Default,Default,Default,Default,Default,Default,1,Default,Default,Default,Default,16,Default,100,516.44 ns,5.7753 ns,5.1196 ns,518.79 ns,0.3986,-,-,1256 B
List,Core,False,Default,Default,Default,Default,Default,Default,15,RyuJit,X64,Core,False,True,False,True,Default,Default,False,False,False,Default,Default,Default,Default,Default,Default,Default,1,Default,Default,Default,Default,16,Default,128,777.85 ns,5.1539 ns,4.5688 ns,777.32 ns,0.6990,-,-,2200 B
GrowthArray,Core,False,Default,Default,Default,Default,Default,Default,15,RyuJit,X64,Core,False,True,False,True,Default,Default,False,False,False,Default,Default,Default,Default,Default,Default,Default,1,Default,Default,Default,Default,16,Default,128,573.61 ns,8.2106 ns,7.6802 ns,573.44 ns,0.3986,-,-,1256 B
List,Core,False,Default,Default,Default,Default,Default,Default,15,RyuJit,X64,Core,False,True,False,True,Default,Default,False,False,False,Default,Default,Default,Default,Default,Default,Default,1,Default,Default,Default,Default,16,Default,129,"1,173.07 ns",8.6831 ns,7.6973 ns,"1,175.37 ns",1.3561,-,-,4272 B
GrowthArray,Core,False,Default,Default,Default,Default,Default,Default,15,RyuJit,X64,Core,False,True,False,True,Default,Default,False,False,False,Default,Default,Default,Default,Default,Default,Default,1,Default,Default,Default,Default,16,Default,129,804.48 ns,6.7517 ns,6.3155 ns,806.86 ns,0.7601,-,-,2392 B
List,Core,False,Default,Default,Default,Default,Default,Default,15,RyuJit,X64,Core,False,True,False,True,Default,Default,False,False,False,Default,Default,Default,Default,Default,Default,Default,1,Default,Default,Default,Default,16,Default,192,"1,142.30 ns",22.8376 ns,38.7799 ns,"1,119.72 ns",1.3561,-,-,4272 B
GrowthArray,Core,False,Default,Default,Default,Default,Default,Default,15,RyuJit,X64,Core,False,True,False,True,Default,Default,False,False,False,Default,Default,Default,Default,Default,Default,Default,1,Default,Default,Default,Default,16,Default,192,838.59 ns,6.3503 ns,5.9401 ns,836.27 ns,0.7601,-,-,2392 B
List,Core,False,Default,Default,Default,Default,Default,Default,15,RyuJit,X64,Core,False,True,False,True,Default,Default,False,False,False,Default,Default,Default,Default,Default,Default,Default,1,Default,Default,Default,Default,16,Default,250,"1,288.86 ns",25.0707 ns,23.4512 ns,"1,292.02 ns",1.3561,-,-,4272 B
GrowthArray,Core,False,Default,Default,Default,Default,Default,Default,15,RyuJit,X64,Core,False,True,False,True,Default,Default,False,False,False,Default,Default,Default,Default,Default,Default,Default,1,Default,Default,Default,Default,16,Default,250,"1,015.04 ns",10.4091 ns,9.2274 ns,"1,010.99 ns",0.7591,-,-,2392 B
List,Core,False,Default,Default,Default,Default,Default,Default,15,RyuJit,X64,Core,False,True,False,True,Default,Default,False,False,False,Default,Default,Default,Default,Default,Default,Default,1,Default,Default,Default,Default,16,Default,256,"1,276.99 ns",9.3606 ns,8.7559 ns,"1,273.62 ns",1.3561,-,-,4272 B
GrowthArray,Core,False,Default,Default,Default,Default,Default,Default,15,RyuJit,X64,Core,False,True,False,True,Default,Default,False,False,False,Default,Default,Default,Default,Default,Default,Default,1,Default,Default,Default,Default,16,Default,256,"1,017.11 ns",16.6981 ns,15.6194 ns,"1,017.37 ns",0.7591,-,-,2392 B
List,Core,False,Default,Default,Default,Default,Default,Default,15,RyuJit,X64,Core,False,True,False,True,Default,Default,False,False,False,Default,Default,Default,Default,Default,Default,Default,1,Default,Default,Default,Default,16,Default,257,"1,937.95 ns",36.9074 ns,45.3256 ns,"1,918.72 ns",2.6665,-,-,8392 B
GrowthArray,Core,False,Default,Default,Default,Default,Default,Default,15,RyuJit,X64,Core,False,True,False,True,Default,Default,False,False,False,Default,Default,Default,Default,Default,Default,Default,1,Default,Default,Default,Default,16,Default,257,"1,304.01 ns",25.8937 ns,24.2210 ns,"1,302.53 ns",1.4172,-,-,4464 B
List,Core,False,Default,Default,Default,Default,Default,Default,15,RyuJit,X64,Core,False,True,False,True,Default,Default,False,False,False,Default,Default,Default,Default,Default,Default,Default,1,Default,Default,Default,Default,16,Default,384,"2,051.65 ns",39.3522 ns,38.6491 ns,"2,051.47 ns",2.6665,-,-,8392 B
GrowthArray,Core,False,Default,Default,Default,Default,Default,Default,15,RyuJit,X64,Core,False,True,False,True,Default,Default,False,False,False,Default,Default,Default,Default,Default,Default,Default,1,Default,Default,Default,Default,16,Default,384,"1,566.96 ns",12.8035 ns,11.9764 ns,"1,567.14 ns",1.4172,-,-,4464 B
List,Core,False,Default,Default,Default,Default,Default,Default,15,RyuJit,X64,Core,False,True,False,True,Default,Default,False,False,False,Default,Default,Default,Default,Default,Default,Default,1,Default,Default,Default,Default,16,Default,500,"2,480.53 ns",43.3754 ns,38.4511 ns,"2,477.95 ns",2.6665,-,-,8392 B
GrowthArray,Core,False,Default,Default,Default,Default,Default,Default,15,RyuJit,X64,Core,False,True,False,True,Default,Default,False,False,False,Default,Default,Default,Default,Default,Default,Default,1,Default,Default,Default,Default,16,Default,500,"1,902.64 ns",19.1517 ns,16.9775 ns,"1,899.70 ns",1.4172,-,-,4464 B
List,Core,False,Default,Default,Default,Default,Default,Default,15,RyuJit,X64,Core,False,True,False,True,Default,Default,False,False,False,Default,Default,Default,Default,Default,Default,Default,1,Default,Default,Default,Default,16,Default,512,"2,527.44 ns",38.8365 ns,36.3277 ns,"2,531.40 ns",2.6665,-,-,8392 B
GrowthArray,Core,False,Default,Default,Default,Default,Default,Default,15,RyuJit,X64,Core,False,True,False,True,Default,Default,False,False,False,Default,Default,Default,Default,Default,Default,Default,1,Default,Default,Default,Default,16,Default,512,"2,000.64 ns",38.8773 ns,50.5515 ns,"1,973.99 ns",1.4172,-,-,4464 B
List,Core,False,Default,Default,Default,Default,Default,Default,15,RyuJit,X64,Core,False,True,False,True,Default,Default,False,False,False,Default,Default,Default,Default,Default,Default,Default,1,Default,Default,Default,Default,16,Default,513,"3,607.62 ns",62.5272 ns,58.4880 ns,"3,607.39 ns",5.2681,-,-,16608 B
GrowthArray,Core,False,Default,Default,Default,Default,Default,Default,15,RyuJit,X64,Core,False,True,False,True,Default,Default,False,False,False,Default,Default,Default,Default,Default,Default,Default,1,Default,Default,Default,Default,16,Default,513,"2,344.72 ns",21.8899 ns,20.4759 ns,"2,345.81 ns",2.7237,-,-,8584 B
List,Core,False,Default,Default,Default,Default,Default,Default,15,RyuJit,X64,Core,False,True,False,True,Default,Default,False,False,False,Default,Default,Default,Default,Default,Default,Default,1,Default,Default,Default,Default,16,Default,768,"4,022.23 ns",24.3352 ns,22.7632 ns,"4,025.23 ns",5.2643,-,-,16608 B
GrowthArray,Core,False,Default,Default,Default,Default,Default,Default,15,RyuJit,X64,Core,False,True,False,True,Default,Default,False,False,False,Default,Default,Default,Default,Default,Default,Default,1,Default,Default,Default,Default,16,Default,768,"2,872.40 ns",24.0498 ns,22.4962 ns,"2,873.75 ns",2.7237,-,-,8584 B
List,Core,False,Default,Default,Default,Default,Default,Default,15,RyuJit,X64,Core,False,True,False,True,Default,Default,False,False,False,Default,Default,Default,Default,Default,Default,Default,1,Default,Default,Default,Default,16,Default,1000,"4,689.57 ns",41.0152 ns,36.3589 ns,"4,694.81 ns",5.2643,-,-,16608 B
GrowthArray,Core,False,Default,Default,Default,Default,Default,Default,15,RyuJit,X64,Core,False,True,False,True,Default,Default,False,False,False,Default,Default,Default,Default,Default,Default,Default,1,Default,Default,Default,Default,16,Default,1000,"3,513.66 ns",36.5752 ns,30.5419 ns,"3,510.01 ns",2.7237,-,-,8584 B
List,Core,False,Default,Default,Default,Default,Default,Default,15,RyuJit,X64,Core,False,True,False,True,Default,Default,False,False,False,Default,Default,Default,Default,Default,Default,Default,1,Default,Default,Default,Default,16,Default,1024,"4,722.71 ns",26.4929 ns,23.4853 ns,"4,722.06 ns",5.2643,-,-,16608 B
GrowthArray,Core,False,Default,Default,Default,Default,Default,Default,15,RyuJit,X64,Core,False,True,False,True,Default,Default,False,False,False,Default,Default,Default,Default,Default,Default,Default,1,Default,Default,Default,Default,16,Default,1024,"3,573.65 ns",25.8550 ns,22.9198 ns,"3,577.15 ns",2.7237,-,-,8584 B
List,Core,False,Default,Default,Default,Default,Default,Default,15,RyuJit,X64,Core,False,True,False,True,Default,Default,False,False,False,Default,Default,Default,Default,Default,Default,Default,1,Default,Default,Default,Default,16,Default,1025,"6,713.34 ns",45.4639 ns,35.4952 ns,"6,719.95 ns",10.4675,-,-,33016 B
GrowthArray,Core,False,Default,Default,Default,Default,Default,Default,15,RyuJit,X64,Core,False,True,False,True,Default,Default,False,False,False,Default,Default,Default,Default,Default,Default,Default,1,Default,Default,Default,Default,16,Default,1025,"4,314.02 ns",79.0348 ns,73.9292 ns,"4,330.82 ns",5.3329,-,-,16800 B
List,Core,False,Default,Default,Default,Default,Default,Default,15,RyuJit,X64,Core,False,True,False,True,Default,Default,False,False,False,Default,Default,Default,Default,Default,Default,Default,1,Default,Default,Default,Default,16,Default,1536,"7,874.47 ns",58.9012 ns,52.2143 ns,"7,894.99 ns",10.4675,-,-,33016 B
GrowthArray,Core,False,Default,Default,Default,Default,Default,Default,15,RyuJit,X64,Core,False,True,False,True,Default,Default,False,False,False,Default,Default,Default,Default,Default,Default,Default,1,Default,Default,Default,Default,16,Default,1536,"5,564.19 ns",49.3824 ns,41.2365 ns,"5,563.29 ns",5.3329,-,-,16800 B
List,Core,False,Default,Default,Default,Default,Default,Default,15,RyuJit,X64,Core,False,True,False,True,Default,Default,False,False,False,Default,Default,Default,Default,Default,Default,Default,1,Default,Default,Default,Default,16,Default,2048,"9,165.38 ns",99.6133 ns,88.3046 ns,"9,155.65 ns",10.4675,-,-,33016 B
GrowthArray,Core,False,Default,Default,Default,Default,Default,Default,15,RyuJit,X64,Core,False,True,False,True,Default,Default,False,False,False,Default,Default,Default,Default,Default,Default,Default,1,Default,Default,Default,Default,16,Default,2048,"6,797.57 ns",88.8041 ns,83.0674 ns,"6,822.40 ns",5.3329,-,-,16800 B
List,Core,False,Default,Default,Default,Default,Default,Default,15,RyuJit,X64,Core,False,True,False,True,Default,Default,False,False,False,Default,Default,Default,Default,Default,Default,Default,1,Default,Default,Default,Default,16,Default,2049,"13,477.81 ns",76.4268 ns,67.7503 ns,"13,492.40 ns",20.8282,-,-,65808 B
GrowthArray,Core,False,Default,Default,Default,Default,Default,Default,15,RyuJit,X64,Core,False,True,False,True,Default,Default,False,False,False,Default,Default,Default,Default,Default,Default,Default,1,Default,Default,Default,Default,16,Default,2049,"8,098.88 ns",82.1596 ns,76.8521 ns,"8,096.22 ns",10.5743,-,-,33360 B
List,Core,False,Default,Default,Default,Default,Default,Default,15,RyuJit,X64,Core,False,True,False,True,Default,Default,False,False,False,Default,Default,Default,Default,Default,Default,Default,1,Default,Default,Default,Default,16,Default,2500,"14,398.03 ns",68.9133 ns,53.8030 ns,"14,387.87 ns",20.8282,-,-,65808 B
GrowthArray,Core,False,Default,Default,Default,Default,Default,Default,15,RyuJit,X64,Core,False,True,False,True,Default,Default,False,False,False,Default,Default,Default,Default,Default,Default,Default,1,Default,Default,Default,Default,16,Default,2500,"9,203.78 ns",118.0885 ns,98.6093 ns,"9,229.54 ns",10.5743,-,-,33360 B
List,Core,False,Default,Default,Default,Default,Default,Default,15,RyuJit,X64,Core,False,True,False,True,Default,Default,False,False,False,Default,Default,Default,Default,Default,Default,Default,1,Default,Default,Default,Default,16,Default,3072,"15,755.50 ns",132.7438 ns,117.6739 ns,"15,754.86 ns",20.8130,-,-,65808 B
GrowthArray,Core,False,Default,Default,Default,Default,Default,Default,15,RyuJit,X64,Core,False,True,False,True,Default,Default,False,False,False,Default,Default,Default,Default,Default,Default,Default,1,Default,Default,Default,Default,16,Default,3072,"10,715.98 ns",106.1030 ns,99.2488 ns,"10,703.64 ns",10.5743,-,-,33360 B
List,Core,False,Default,Default,Default,Default,Default,Default,15,RyuJit,X64,Core,False,True,False,True,Default,Default,False,False,False,Default,Default,Default,Default,Default,Default,Default,1,Default,Default,Default,Default,16,Default,4096,"18,839.25 ns",289.8998 ns,271.1724 ns,"18,882.97 ns",20.8130,-,-,65808 B
GrowthArray,Core,False,Default,Default,Default,Default,Default,Default,15,RyuJit,X64,Core,False,True,False,True,Default,Default,False,False,False,Default,Default,Default,Default,Default,Default,Default,1,Default,Default,Default,Default,16,Default,4096,"13,273.54 ns",163.7899 ns,153.2092 ns,"13,297.19 ns",10.5743,-,-,33360 B
List,Core,False,Default,Default,Default,Default,Default,Default,15,RyuJit,X64,Core,False,True,False,True,Default,Default,False,False,False,Default,Default,Default,Default,Default,Default,Default,1,Default,Default,Default,Default,16,Default,4097,"27,065.76 ns",429.0488 ns,401.3325 ns,"27,052.77 ns",41.6565,-,-,131368 B
GrowthArray,Core,False,Default,Default,Default,Default,Default,Default,15,RyuJit,X64,Core,False,True,False,True,Default,Default,False,False,False,Default,Default,Default,Default,Default,Default,Default,1,Default,Default,Default,Default,16,Default,4097,"15,632.41 ns",199.0832 ns,186.2225 ns,"15,724.84 ns",20.8130,-,-,66152 B
List,Core,False,Default,Default,Default,Default,Default,Default,15,RyuJit,X64,Core,False,True,False,True,Default,Default,False,False,False,Default,Default,Default,Default,Default,Default,Default,1,Default,Default,Default,Default,16,Default,5000,"28,778.14 ns",240.1197 ns,224.6080 ns,"28,777.07 ns",41.6565,-,-,131368 B
GrowthArray,Core,False,Default,Default,Default,Default,Default,Default,15,RyuJit,X64,Core,False,True,False,True,Default,Default,False,False,False,Default,Default,Default,Default,Default,Default,Default,1,Default,Default,Default,Default,16,Default,5000,"17,926.94 ns",279.6407 ns,261.5761 ns,"17,907.16 ns",20.8130,-,-,66152 B
List,Core,False,Default,Default,Default,Default,Default,Default,15,RyuJit,X64,Core,False,True,False,True,Default,Default,False,False,False,Default,Default,Default,Default,Default,Default,Default,1,Default,Default,Default,Default,16,Default,6144,"32,145.14 ns",552.0391 ns,516.3776 ns,"32,024.06 ns",41.6260,-,-,131368 B
GrowthArray,Core,False,Default,Default,Default,Default,Default,Default,15,RyuJit,X64,Core,False,True,False,True,Default,Default,False,False,False,Default,Default,Default,Default,Default,Default,Default,1,Default,Default,Default,Default,16,Default,6144,"20,889.01 ns",210.1327 ns,196.5583 ns,"20,951.61 ns",20.8130,-,-,66152 B
List,Core,False,Default,Default,Default,Default,Default,Default,15,RyuJit,X64,Core,False,True,False,True,Default,Default,False,False,False,Default,Default,Default,Default,Default,Default,Default,1,Default,Default,Default,Default,16,Default,8192,"37,279.19 ns",282.1425 ns,235.6017 ns,"37,315.22 ns",41.6260,-,-,131368 B
GrowthArray,Core,False,Default,Default,Default,Default,Default,Default,15,RyuJit,X64,Core,False,True,False,True,Default,Default,False,False,False,Default,Default,Default,Default,Default,Default,Default,1,Default,Default,Default,Default,16,Default,8192,"26,046.15 ns",364.1706 ns,322.8277 ns,"26,139.13 ns",20.8130,-,-,66152 B
List,Core,False,Default,Default,Default,Default,Default,Default,15,RyuJit,X64,Core,False,True,False,True,Default,Default,False,False,False,Default,Default,Default,Default,Default,Default,Default,1,Default,Default,Default,Default,16,Default,8193,"76,669.91 ns",892.8720 ns,791.5077 ns,"76,436.76 ns",41.6260,41.6260,41.6260,262464 B
GrowthArray,Core,False,Default,Default,Default,Default,Default,Default,15,RyuJit,X64,Core,False,True,False,True,Default,Default,False,False,False,Default,Default,Default,Default,Default,Default,Default,1,Default,Default,Default,Default,16,Default,8193,"31,059.33 ns",667.5683 ns,591.7818 ns,"30,950.20 ns",41.6260,-,-,131712 B
List,Core,False,Default,Default,Default,Default,Default,Default,15,RyuJit,X64,Core,False,True,False,True,Default,Default,False,False,False,Default,Default,Default,Default,Default,Default,Default,1,Default,Default,Default,Default,16,Default,10000,"84,792.14 ns",707.2846 ns,626.9893 ns,"84,956.21 ns",41.6260,41.6260,41.6260,262464 B
GrowthArray,Core,False,Default,Default,Default,Default,Default,Default,15,RyuJit,X64,Core,False,True,False,True,Default,Default,False,False,False,Default,Default,Default,Default,Default,Default,Default,1,Default,Default,Default,Default,16,Default,10000,"35,597.04 ns",267.7578 ns,237.3603 ns,"35,570.22 ns",41.6260,-,-,131712 B
List,Core,False,Default,Default,Default,Default,Default,Default,15,RyuJit,X64,Core,False,True,False,True,Default,Default,False,False,False,Default,Default,Default,Default,Default,Default,Default,1,Default,Default,Default,Default,16,Default,12288,"96,006.86 ns","1,311.0952 ns","1,226.3992 ns","96,017.20 ns",41.6260,41.6260,41.6260,262464 B
GrowthArray,Core,False,Default,Default,Default,Default,Default,Default,15,RyuJit,X64,Core,False,True,False,True,Default,Default,False,False,False,Default,Default,Default,Default,Default,Default,Default,1,Default,Default,Default,Default,16,Default,12288,"41,486.74 ns",325.5354 ns,304.5060 ns,"41,437.84 ns",41.6260,-,-,131712 B
List,Core,False,Default,Default,Default,Default,Default,Default,15,RyuJit,X64,Core,False,True,False,True,Default,Default,False,False,False,Default,Default,Default,Default,Default,Default,Default,1,Default,Default,Default,Default,16,Default,16384,"118,739.35 ns","2,327.1729 ns","3,483.2028 ns","117,523.72 ns",41.6260,41.6260,41.6260,262464 B
GrowthArray,Core,False,Default,Default,Default,Default,Default,Default,15,RyuJit,X64,Core,False,True,False,True,Default,Default,False,False,False,Default,Default,Default,Default,Default,Default,Default,1,Default,Default,Default,Default,16,Default,16384,"48,933.33 ns",526.8414 ns,439.9364 ns,"48,965.40 ns",41.6260,-,-,131712 B
List,Core,False,Default,Default,Default,Default,Default,Default,15,RyuJit,X64,Core,False,True,False,True,Default,Default,False,False,False,Default,Default,Default,Default,Default,Default,Default,1,Default,Default,Default,Default,16,Default,16385,"181,196.84 ns","1,367.3161 ns","1,141.7708 ns","181,022.29 ns",124.7559,124.7559,124.7559,524632 B
GrowthArray,Core,False,Default,Default,Default,Default,Default,Default,15,RyuJit,X64,Core,False,True,False,True,Default,Default,False,False,False,Default,Default,Default,Default,Default,Default,Default,1,Default,Default,Default,Default,16,Default,16385,"59,614.92 ns",649.5255 ns,607.5665 ns,"59,607.77 ns",41.6260,41.6260,41.6260,262808 B
List,Core,False,Default,Default,Default,Default,Default,Default,15,RyuJit,X64,Core,False,True,False,True,Default,Default,False,False,False,Default,Default,Default,Default,Default,Default,Default,1,Default,Default,Default,Default,16,Default,24576,"214,953.82 ns","2,974.3407 ns","2,782.1998 ns","214,472.71 ns",124.7559,124.7559,124.7559,524632 B
GrowthArray,Core,False,Default,Default,Default,Default,Default,Default,15,RyuJit,X64,Core,False,True,False,True,Default,Default,False,False,False,Default,Default,Default,Default,Default,Default,Default,1,Default,Default,Default,Default,16,Default,24576,"100,861.21 ns","2,008.6521 ns","2,611.8151 ns","100,279.62 ns",41.6260,41.6260,41.6260,262808 B
List,Core,False,Default,Default,Default,Default,Default,Default,15,RyuJit,X64,Core,False,True,False,True,Default,Default,False,False,False,Default,Default,Default,Default,Default,Default,Default,1,Default,Default,Default,Default,16,Default,25000,"228,363.36 ns","2,919.1266 ns","2,730.5526 ns","228,031.02 ns",124.7559,124.7559,124.7559,524632 B
GrowthArray,Core,False,Default,Default,Default,Default,Default,Default,15,RyuJit,X64,Core,False,True,False,True,Default,Default,False,False,False,Default,Default,Default,Default,Default,Default,Default,1,Default,Default,Default,Default,16,Default,25000,"108,169.84 ns","1,241.1525 ns","1,160.9747 ns","108,380.57 ns",41.6260,41.6260,41.6260,262808 B
List,Core,False,Default,Default,Default,Default,Default,Default,15,RyuJit,X64,Core,False,True,False,True,Default,Default,False,False,False,Default,Default,Default,Default,Default,Default,Default,1,Default,Default,Default,Default,16,Default,32768,"270,611.87 ns","2,403.1290 ns","2,247.8881 ns","270,670.76 ns",124.5117,124.5117,124.5117,524632 B
GrowthArray,Core,False,Default,Default,Default,Default,Default,Default,15,RyuJit,X64,Core,False,True,False,True,Default,Default,False,False,False,Default,Default,Default,Default,Default,Default,Default,1,Default,Default,Default,Default,16,Default,32768,"144,461.27 ns","1,094.2515 ns",913.7495 ns,"144,196.19 ns",41.5039,41.5039,41.5039,262808 B
List,Core,False,Default,Default,Default,Default,Default,Default,15,RyuJit,X64,Core,False,True,False,True,Default,Default,False,False,False,Default,Default,Default,Default,Default,Default,Default,1,Default,Default,Default,Default,16,Default,32769,"402,603.22 ns","6,891.5738 ns","6,446.3818 ns","402,609.90 ns",285.6445,285.6445,285.6445,1048944 B
GrowthArray,Core,False,Default,Default,Default,Default,Default,Default,15,RyuJit,X64,Core,False,True,False,True,Default,Default,False,False,False,Default,Default,Default,Default,Default,Default,Default,1,Default,Default,Default,Default,16,Default,32769,"173,372.44 ns","3,276.4536 ns","3,364.6763 ns","173,058.92 ns",124.7559,124.7559,124.7559,524976 B
List,Core,False,Default,Default,Default,Default,Default,Default,15,RyuJit,X64,Core,False,True,False,True,Default,Default,False,False,False,Default,Default,Default,Default,Default,Default,Default,1,Default,Default,Default,Default,16,Default,49152,"451,623.67 ns","7,305.4234 ns","6,833.4969 ns","453,106.27 ns",285.6445,285.6445,285.6445,1048944 B
GrowthArray,Core,False,Default,Default,Default,Default,Default,Default,15,RyuJit,X64,Core,False,True,False,True,Default,Default,False,False,False,Default,Default,Default,Default,Default,Default,Default,1,Default,Default,Default,Default,16,Default,49152,"253,229.90 ns","4,833.5543 ns","4,963.7039 ns","250,861.99 ns",124.5117,124.5117,124.5117,524976 B
List,Core,False,Default,Default,Default,Default,Default,Default,15,RyuJit,X64,Core,False,True,False,True,Default,Default,False,False,False,Default,Default,Default,Default,Default,Default,Default,1,Default,Default,Default,Default,16,Default,50000,"452,076.90 ns","6,091.3638 ns","5,697.8649 ns","453,119.62 ns",285.6445,285.6445,285.6445,1048944 B
GrowthArray,Core,False,Default,Default,Default,Default,Default,Default,15,RyuJit,X64,Core,False,True,False,True,Default,Default,False,False,False,Default,Default,Default,Default,Default,Default,Default,1,Default,Default,Default,Default,16,Default,50000,"258,201.97 ns","4,793.6722 ns","4,708.0266 ns","258,465.95 ns",124.5117,124.5117,124.5117,524976 B
